# jobleft credentials: licences and certifications that postings ask for, with the words they are written in.
# Source: written new for jobleft by the match lane (2026-09-25). First-party data; no third-party list was copied.
# Licence: same as the jobleft project. Names are the public names of licences and certifications.
#
# Format: id | name | kind | families | aliases | title phrases that suggest it
#   * kind: licence (a state or government licence) or cert (a certification).
#   * aliases: how postings and profiles write it. A leading = means the letters must match in case ("CPA").
#     A trailing @ctx needs a context (see src/taxonomy.ts): @health, @acct, @weld, @drive.
#   * title phrases: a past role with this title suggests the person holds it. This never counts as holding it: the
#     score shows "not in your profile" and gives half credit in the Skills part only.
rn | RN licence | licence | nursing | rn license, rn licence, current rn license, active rn license, current rn licence, active rn licence, unrestricted rn license, valid rn license, rn licensure, registered nurse license, registered nurse licence, registered nurse licensure, license as a registered nurse, licensed as a registered nurse, licensure as a registered nurse, registered nurse (rn) license, registered nurse (rn) licensure, rn compact license, multistate rn license, compact nursing license, active rn, current rn, unrestricted rn, rn license in the state, nursing license, nursing licensure, =RN@health | registered nurse, rn, staff nurse, charge nurse, icu nurse, er nurse, travel nurse, clinical nurse, nurse manager, rn case manager, nurse case manager
lpn | LPN or LVN licence | licence | nursing | lpn license, lpn licence, lvn license, lvn licence, licensed practical nurse license, licensed vocational nurse license, =LPN, =LVN | licensed practical nurse, lpn, licensed vocational nurse, lvn
aprn | Nurse practitioner licence | licence | nursing | aprn license, np license, nurse practitioner license, advanced practice registered nurse, fnp-bc, fnp-c, =APRN, =FNP | nurse practitioner, np, family nurse practitioner, fnp, aprn
cna | CNA certification | cert | health_support,nursing | cna certification, cna certificate, cna license, certified nursing assistant certification, certified nursing assistant, state tested nursing assistant, stna, =CNA | certified nursing assistant, cna, nursing assistant, stna
bls | BLS | cert | nursing,health_support,health_clinical,childcare,teaching | bls, basic life support, bls certification, bls certified, bls for healthcare providers, bls/cpr, cpr/bls, aha bls |
cpr | CPR and first aid | cert | * | cpr, cpr certification, cpr certified, cpr/first aid, first aid/cpr, first aid and cpr, cpr and first aid, first aid certification, first aid |
acls | ACLS | cert | nursing,health_clinical,health_support | acls, advanced cardiovascular life support, advanced cardiac life support, acls certification |
pals | PALS | cert | nursing,health_clinical | pals, pediatric advanced life support, pals certification |
nrp | NRP | cert | nursing,health_clinical | nrp, neonatal resuscitation program, neonatal resuscitation |
tncc | TNCC | cert | nursing | tncc, trauma nursing core course |
ccrn | CCRN | cert | nursing | ccrn |
emt | EMT certification | cert | health_support | emt certification, emt-b certification, emt license, nremt, emt-basic, =EMT | emt, emergency medical technician
paramedic | Paramedic licence | licence | health_support | paramedic license, paramedic certification, nrp paramedic, =NRP-P | paramedic
cma_med | Medical assistant certification | cert | health_support | certified medical assistant, cma (aama), registered medical assistant, ccma, certified clinical medical assistant | medical assistant, certified medical assistant
phleb | Phlebotomy certification | cert | health_support | phlebotomy certification, certified phlebotomy technician, phlebotomy technician certification, cpt (nha) | phlebotomist
cpht | Pharmacy technician certification | cert | health_support | cpht, pharmacy technician certification, ptcb, ptcb certification, excpt, pharmacy technician license, pharmacy technician registration | pharmacy technician
pharmacist | Pharmacist licence | licence | health_clinical | pharmacist license, licensed pharmacist, pharmacist licensure | pharmacist, clinical pharmacist
arrt | ARRT registration | cert | health_clinical | arrt, arrt certification, arrt registered | radiologic technologist, radiology technologist, x ray technician
rrt | Respiratory therapist credential | licence | health_clinical | rrt, crt credential, registered respiratory therapist, respiratory care license | respiratory therapist
pt_lic | Physical therapy licence | licence | health_clinical | physical therapist license, pt license, licensed physical therapist | physical therapist
lcsw | Clinical social work licence | licence | counseling | lcsw, lmsw, lsw, licensed clinical social worker, licensed master social worker, social work license, social work licensure | licensed clinical social worker, lcsw, lmsw, social worker
lpc | Counselling licence | licence | counseling | lpc, lmhc, lcpc, licensed professional counselor, licensed mental health counselor, lpc-associate, counseling license, counselor license | licensed professional counselor, lpc, mental health counselor, counselor
lmft | Marriage and family therapy licence | licence | counseling | lmft, licensed marriage and family therapist | marriage and family therapist, lmft
bcba | BCBA certification | cert | counseling | bcba, board certified behavior analyst | bcba, board certified behavior analyst
rbt | RBT certification | cert | health_support,counseling | rbt, registered behavior technician, rbt certification | registered behavior technician, rbt
rdh | Dental hygiene licence | licence | health_clinical | rdh, registered dental hygienist, dental hygiene license | dental hygienist
coder_cert | Medical coding certification | cert | health_admin | certified professional coder, certified coding specialist, rhit, rhia, ccs-p, coc certification, cpc certification, aapc cpc, ccs certification | medical coder, certified coder, coding specialist
md_lic | Medical licence | licence | health_clinical | medical license, licensed physician, board certified, board eligible, board-certified, board-eligible, dea license | physician, doctor, hospitalist, psychiatrist, anesthesiologist
teaching_cert | Teaching certificate | licence | teaching | teaching certificate, teaching certification, teaching license, teaching licence, teaching credential, teacher certification, teacher certificate, teacher license, educator certification, educator certificate, educator license, state teaching certificate, state teaching license, valid teaching certificate, standard teaching certificate, certified teacher, state certified teacher, texas teaching certificate, california teaching credential, ec-6 certification, ec-6 generalist, 4-8 certification, 7-12 certification, single subject credential, multiple subject credential | teacher, elementary teacher, high school teacher, middle school teacher, special education teacher, math teacher, science teacher, english teacher, esl teacher, kindergarten teacher
sped_cert | Special education certification | licence | teaching | special education certification, special education certificate, special education endorsement, sped certification, special education license | special education teacher, sped teacher
esl_cert | ESL certification | cert | teaching | esl certification, esl certificate, esl endorsement, ell endorsement, bilingual certification, bilingual endorsement, tesol, tefl, celta, esol endorsement | esl teacher, ell teacher, bilingual teacher
admin_cert | School administrator certification | licence | teaching | principal certification, principal certificate, administrator certification, administrative credential, mid-management certificate | principal, assistant principal
cda | CDA credential | cert | childcare | cda, child development associate, cda credential |
cpa | CPA | licence | accounting,finance | cpa license, cpa licence, certified public accountant, active cpa, licensed cpa, =CPA | cpa
cma_acct | CMA (management accountant) | cert | accounting,finance | certified management accountant, =CMA@acct |
cia | Certified Internal Auditor | cert | accounting | certified internal auditor |
ea | Enrolled Agent | licence | accounting | enrolled agent | enrolled agent
cfa | CFA | cert | finance | cfa, chartered financial analyst, cfa charterholder, cfa level |
series7 | Series 7 | licence | finance,sales | series 7, series-7 |
series63 | Series 63 | licence | finance,sales | series 63, series-63 |
series65 | Series 65 or 66 | licence | finance,sales | series 65, series 66, series-65, series-66 |
sie | SIE | licence | finance | sie exam, securities industry essentials |
insurance_lic | Insurance licence | licence | sales,finance | insurance license, insurance licence, life and health license, life and health insurance license, life & health license, life & health insurance license, property and casualty license, property & casualty license, p&c license, p&c insurance license, adjuster license, adjuster's license, producer license | insurance agent, insurance sales agent, insurance producer, claims adjuster
real_estate_lic | Real estate licence | licence | real_estate,sales | real estate license, real estate licence, real estate salesperson license, real estate broker license, licensed real estate agent, licensed realtor | real estate agent, realtor, real estate broker
nmls | NMLS licence | licence | finance | nmls, nmls license, nmls registration, mlo license | mortgage loan officer, loan officer
notary | Notary public | licence | admin,legal,finance,real_estate | notary public, notary commission, commissioned notary |
bar | Bar admission | licence | legal | bar admission, admitted to the bar, admission to the bar, member of the bar, member in good standing of the, licensed to practice law, active bar license, active law license, juris doctor and bar | attorney, lawyer, associate attorney, staff attorney, counsel, general counsel
paralegal_cert | Paralegal certificate | cert | legal | paralegal certificate, paralegal certification, certified paralegal, aba-approved paralegal | paralegal
cdl_a | CDL Class A | licence | driving,logistics | cdl class a, class a cdl, cdl-a, cdl a, class a commercial driver's license, class a commercial drivers license, class a commercial driver license, class a license | cdl a driver, cdl class a driver, class a driver, class a cdl driver, otr driver, over the road driver, tanker driver, flatbed driver
cdl_b | CDL Class B | licence | driving,logistics | cdl class b, class b cdl, cdl-b, cdl b, class b commercial driver's license, class b commercial drivers license, class b license | class b driver, class b cdl driver, school bus driver, bus driver
cdl | CDL | licence | driving,logistics | cdl, commercial driver's license, commercial drivers license, commercial driver license, cdl license | truck driver, cdl driver
drivers_license | Driver's licence | licence | * | valid driver's license, valid drivers license, valid driver license, valid driver's licence, driver's license, drivers license, driver license, driver's licence, state driver's license, current driver's license, valid state driver's license | delivery driver, courier, driver
hazmat | Hazmat endorsement | licence | driving | hazmat endorsement, hazmat certification, hazardous materials endorsement, tanker endorsement, twic card, twic | tanker driver
forklift_cert | Forklift certification | cert | logistics,manufacturing,retail | forklift certification, forklift certified, forklift license, forklift licence, forklift operator certification, pit certification, powered industrial truck certification | forklift operator, forklift driver, reach truck operator
osha10 | OSHA 10 | cert | construction,trades_electrical,trades_mech,maintenance,manufacturing,logistics,construction_mgmt | osha 10, osha-10, osha 10-hour, osha 10 hour, 10-hour osha, 10 hour osha |
osha30 | OSHA 30 | cert | construction,trades_electrical,trades_mech,maintenance,manufacturing,construction_mgmt | osha 30, osha-30, osha 30-hour, osha 30 hour, 30-hour osha, 30 hour osha |
journeyman_elec | Journeyman electrician licence | licence | trades_electrical | journeyman electrician license, journeyman electrician licence, journeyman electrical license, journeyman license, journeyman licence, journeyman card, state journeyman license, licensed journeyman electrician, journeyman electrician | journeyman electrician, electrician, commercial electrician, industrial electrician, residential electrician
master_elec | Master electrician licence | licence | trades_electrical | master electrician license, master electrician licence, master electrical license, licensed master electrician, master electrician | master electrician
elec_apprentice | Electrical apprentice licence | licence | trades_electrical | apprentice electrician license, electrical apprentice license, apprentice license, apprentice electrician registration, electrical apprentice registration, registered apprentice | apprentice electrician, electrician apprentice, electrical apprentice
plumbing_lic | Plumbing licence | licence | trades_mech | plumbing license, plumbing licence, journeyman plumber license, journeyman plumbing license, master plumber license, licensed plumber, plumber's license | plumber, journeyman plumber, master plumber
epa608 | EPA 608 certification | cert | trades_mech,maintenance | epa 608, epa section 608, epa 608 universal, epa universal certification, epa certification, universal epa, epa type ii, epa type 2 | hvac technician, refrigeration technician
nate | NATE certification | cert | trades_mech | nate certification, nate certified, =NATE |
hvac_lic | HVAC licence | licence | trades_mech | hvac license, hvac licence, acr license, mechanical license, contractor license hvac, tacla |
weld_cert | Welding certification | cert | construction,manufacturing,trades_mech | welding certification, welding certificate, certified welder, aws d1.1, aws d1.1 certification, aws certified welder, aws welding certification, 6g certification, 3g certification, 4g certification, asme section ix, api 1104 | welder, welder fabricator, structural welder, pipe welder
cwi | Certified welding inspector | cert | construction,manufacturing | certified welding inspector, =CWI |
ase | ASE certification | cert | maintenance | ase certification, ase certified, ase certifications, ase master technician, =ASE | automotive technician, auto mechanic, automotive mechanic, auto technician
a_and_p | FAA A&P licence | licence | maintenance | a&p license, a&p certificate, a&p certification, airframe and powerplant, faa a&p | a and p mechanic, aircraft mechanic, aviation maintenance technician
servsafe | ServSafe | cert | food,hospitality,retail | servsafe, servsafe manager, servsafe food handler, servsafe certification, food protection manager certification, certified food protection manager, food manager certification |
food_handler | Food handler card | cert | food,hospitality,retail | food handler card, food handler's card, food handlers card, food handler permit, food handler's permit, food handler certificate, food handler certification |
tabc | Alcohol server certification | cert | food,hospitality | tabc, tabc certification, tips certification, tips certified, alcohol server certification, rbs certification | bartender
guard_card | Security guard licence | licence | security_services | guard card, security guard license, security officer license, level ii security, level 2 security license, level iii commissioned, armed security license, bsis guard card | security officer, security guard
pesticide | Pesticide applicator licence | licence | security_services | pesticide applicator license, pesticide license, certified applicator, structural pest control license | pest control technician, exterminator
cosmetology | Cosmetology licence | licence | hospitality | cosmetology license, cosmetologist license, barber license, esthetician license, nail technician license |
pmp | PMP | cert | project,construction_mgmt,product,operations | pmp, project management professional, pmp certification, pmp certified |
capm | CAPM | cert | project | capm, certified associate in project management |
csm | Scrum Master certification | cert | project,software | certified scrummaster, certified scrum master, psm i, professional scrum master, safe agilist, safe certification, csm certification, psm certification | scrum master
six_sigma_cert | Six Sigma certification | cert | manufacturing,operations,engineering,logistics,project | six sigma green belt, six sigma black belt, lean six sigma green belt, lean six sigma black belt, green belt certification, black belt certification, six sigma certification, lean six sigma certification, cssgb, cssbb |
cissp | CISSP | cert | security,it | cissp |
cism | CISM | cert | security | cism |
cisa | CISA | cert | security,accounting | cisa certification, certified information systems auditor | 
secplus | CompTIA Security+ | cert | security,it | security+, comptia security+, security plus, sec+ |
netplus | CompTIA Network+ | cert | it | network+, comptia network+, network plus |
aplus | CompTIA A+ | cert | it | comptia a+, a+ certification, a+ certified |
ccna | CCNA | cert | it,security | ccna, cisco certified network associate |
ccnp | CCNP | cert | it | ccnp, cisco certified network professional |
aws_cert | AWS certification | cert | software,it,data,security | aws certified, aws certification, aws certifications, aws solutions architect certification, aws certified solutions architect, aws certified developer, aws certified cloud practitioner |
azure_cert | Azure certification | cert | software,it,data | azure certification, azure certified, microsoft certified azure, az-900, az-104, az-204, az-305 |
gcp_cert | Google Cloud certification | cert | software,it,data | google cloud certified, gcp certification, google cloud certification, professional cloud architect |
cka | Kubernetes certification | cert | software,it | cka, ckad, certified kubernetes administrator, certified kubernetes application developer |
shrm | SHRM or HRCI certification | cert | hr | shrm-cp, shrm-scp, shrm cp, shrm scp, phr, sphr, aphr, =SHRM |
