# jobleft industries: the words that name an industry in a job posting, in an employer's name, and how close two
# industries are.
# Source: written new for jobleft by the match lane (2026-09-25). First-party data; no third-party list was copied.
# Licence: same as the jobleft project.
#
# Format: id | name | strong phrases | weak phrases | employer-name phrases | related industries (id:weight)
#   * strong: one phrase in the posting's own words is enough to name the industry (3 points).
#   * weak: 1 point each; an industry is named at 3 points, so three different weak phrases, or one weak phrase and
#     a strong one. Every phrase counts once, however often it repeats.
#   * Phrases are matched longest first across every industry, so "food bank" is a nonprofit and never a bank.
#   * employer-name phrases: words in an employer's name that name its industry ("Austin ISD", "Mercy Hospital").
#     When a name holds several, the one nearest the end wins ("Texas Tech University" is a university).
#   * Only the parts of a posting that describe the employer and the work are read. Requirement lists, benefits and
#     equal-opportunity text are skipped ("health insurance" is a benefit, "high school diploma" is a requirement).
#   * related weight: how much experience in one industry counts for the other (1 = same). Pairs are symmetric.
healthcare | Healthcare | hospital, hospitals, health system, healthcare system, health care system, medical center, medical centre, healthcare provider, health care provider, healthcare organization, health care organization, healthcare company, clinic, clinics, urgent care, primary care, acute care hospital, nursing home, skilled nursing facility, long term care facility, long-term care facility, assisted living, senior living community, home health agency, hospice, behavioral health, mental health services, dental practice, dental office, physician practice, medical practice, outpatient surgery center, ambulatory surgery center, rehabilitation center, rehabilitation hospital, dialysis center, patient care, bed hospital, trauma center, magnet designated, magnet hospital, children's hospital, veterinary hospital, animal hospital, medical group, health network, blood bank, patients | clinical, healthcare, health care, medical, physicians, nurses, caregivers, care team, wellness, patient experience, care delivery, providers, pharmacy | health, healthcare, health system, hospital, medical, medical center, clinic, clinics, care center, pharmacy, dental, rehab, rehabilitation, hospice, nursing, nursing center, surgical, surgery, physicians, medicine, pediatrics, orthopedics, cardiology, oncology, radiology, dermatology, therapy, therapies, senior living, home health, behavioral health, health partners, healthcare services, labcorp | biotech_pharma:0.6, insurance:0.3, nonprofit:0.2, education:0.1, government:0.1
education | Education | school district, school districts, public schools, public school, independent school district, isd, k-12, k12, elementary school, middle school, charter school, charter schools, private school, preschool, pre-k, early learning center, childcare center, child care center, daycare, day care, university, universities, community college, school year, academic year, classroom, classrooms, montessori, head start, tutoring center, learning center, board of education, higher education, edtech, education technology | education, educational, learners, teaching, curriculum, faculty, academic, instruction, literacy, students, school, schools, campus, college, parents | school, schools, school district, independent school district, isd, academy, university, college, community college, education, learning, learning center, montessori, preschool, daycare, childcare, child care, early learning, board of education, public schools, charter schools, institute of technology | nonprofit:0.3, government:0.3, healthcare:0.1, media:0.1, software:0.1
software | Software and internet | saas, software company, software-as-a-service, software as a service, developer platform, developer tools, open source, open-source, api platform, b2b software, enterprise software, software products, software platform, tech company, technology company, internet company, ai company, cybersecurity company, security platform, data platform, analytics platform, cloud platform, cloud-based platform, cloud software, server farm, software development company, app developer, game studio, video game company | software, platform, cloud, apps, api, apis, engineering team, product team, users, digital products, technology, tech, startup, mobile app, web app, our platform, product-led | software, tech, ai, apps, cyber, cloud, computing, analytics, io, labs, software systems, technologies inc, data systems, games | fintech:0.6, media:0.3, telecom:0.4, ecommerce:0.5, consulting:0.3, financial_services:0.2
fintech | Fintech and payments | fintech, financial technology, payments company, payment processing, payments platform, neobank, digital bank, crypto, cryptocurrency, blockchain, lending platform, payroll platform, expense management, card issuing, buy now pay later | payments, transactions, merchants, cards, banking products, money movement | pay, payments, fintech, crypto, wallet | software:0.6, financial_services:0.7, insurance:0.3
financial_services | Banking and financial services | bank, banks, banking, credit union, investment bank, investment banking, asset management, wealth management, private equity, hedge fund, brokerage, broker-dealer, financial institution, financial services firm, financial services company, mortgage company, mortgage lender, trading firm, retail banking, commercial banking, federal credit union, member fdic, financial advisors | financial services, finance, portfolios, investors, investment, deposits, lending, loans, capital markets, securities | bank, bancorp, bancshares, banking, credit union, federal credit union, financial, financial services, capital, capital markets, investments, securities, trust company, mortgage, lending, asset management, wealth management, advisors, fund, funds, american express, schwab, fidelity investments | fintech:0.7, insurance:0.6, accounting_services:0.5, real_estate:0.3, consulting:0.3
insurance | Insurance | insurance company, insurance carrier, insurance agency, insurer, insurers, property and casualty, p&c insurance, life insurance company, health insurance company, reinsurance, insurance brokerage, insurance products, policyholders | insurance, policies, premiums, claims, coverage, underwriting, claims processing | insurance, assurance, mutual insurance, underwriters, casualty, indemnity, insurance agency, insurance group | financial_services:0.6, healthcare:0.3, fintech:0.3
accounting_services | Accounting and professional services | public accounting, accounting firm, cpa firm, audit firm, tax firm, big four, big 4, advisory firm, audit and tax, tax and advisory, bookkeeping services, outsourced accounting, payroll services | clients, engagements, audit, tax, advisory, assurance, professional services | cpa, cpas, accounting, accountants, tax, tax services, audit, advisory, certified public accountants | financial_services:0.5, consulting:0.6, legal_services:0.3
consulting | Consulting | consulting firm, management consulting, consultancy, consulting company, technology consulting, strategy consulting, it consulting, it services company, managed services provider, msp, systems integrator, staff augmentation | consulting, consultants, clients, engagements, professional services | consulting, consultants, consultancy, consulting group, advisory group | accounting_services:0.6, software:0.3, staffing:0.3, legal_services:0.2
staffing | Staffing and recruiting | staffing agency, staffing firm, staffing company, recruiting firm, recruitment agency, temp agency, temporary staffing, talent agency, employment agency, our client is, on behalf of our client, contract-to-hire, contract to hire | staffing, placement, our client, assignments | staffing, recruiting, recruitment, talent solutions, workforce solutions, personnel, employment services, temps, placement | consulting:0.3
retail | Retail | retail store, retail stores, retailer, retail company, retail chain, department store, grocery store, supermarket, grocery, convenience store, big box, specialty retail, apparel retailer, home improvement retailer, stores nationwide, store locations, our stores, shoppers, sales floor, merchandise, brick and mortar | retail, store, stores, shopping, guests, products, brands, point of sale, outlet | store, stores, mart, market, markets, supermarket, shop, shops, outlet, outlets, outfitters, grocery, grocers, foods market, depot, boutique, retail, dollar general, home goods | ecommerce:0.7, consumer_goods:0.5, hospitality:0.3, logistics:0.2
ecommerce | E-commerce | e-commerce, ecommerce, online retailer, online store, direct-to-consumer, direct to consumer, dtc brand, d2c, online marketplace, marketplace sellers | online shopping, orders, fulfillment, shoppers | commerce, ecommerce, online store | retail:0.7, software:0.5, logistics:0.4, consumer_goods:0.5
consumer_goods | Consumer goods | consumer goods, consumer packaged goods, cpg, consumer products, household products, beauty brand, personal care products, food and beverage company, beverage company, apparel brand, footwear brand, cosmetics | brands, consumers, products | brands, beauty, cosmetics, beverages, beverage, apparel, consumer products, goods | retail:0.5, ecommerce:0.5, manufacturing:0.5
logistics | Logistics and warehousing | logistics company, logistics provider, third-party logistics, third party logistics, 3pl, warehouse, warehouses, distribution center, distribution centers, fulfillment center, fulfillment centers, supply chain company, supply chain solutions, freight, freight forwarding, freight brokerage, cold storage, cross-dock, last mile delivery, last-mile delivery, parcel delivery, courier services, shipping company, intermodal, drayage, ltl, truckload | logistics, supply chain, shipments, shipping, deliveries, inventory, distribution, carriers, loads, pallets | logistics, freight, transport, shipping, distribution, warehousing, warehouse, supply chain, delivery, carriers, cargo, moving, fulfillment | transportation:0.7, manufacturing:0.4, retail:0.3, ecommerce:0.4
transportation | Transportation | trucking company, transit agency, public transit, airline, airlines, railroad, railway, bus company, school transportation, transportation company, transportation services, motor carrier, fleet of trucks, over-the-road, otr routes, cdl drivers, aviation company, airport | transportation, routes, fleet, drivers, passengers, dispatch | transport, transportation, transit, trucking, airlines, air lines, airways, rail, railroad, lines, motor freight, motor carrier, coach, bus lines | logistics:0.7, automotive:0.3
manufacturing | Manufacturing | manufacturing company, manufacturer, manufacturers, manufacturing facility, manufacturing plant, production facility, production plant, factory, plant floor, production line, assembly line, industrial manufacturing, contract manufacturer, fabrication shop, machine shop, foundry, injection molding, food manufacturing, food processing plant, packaging plant, chemical plant, steel mill, paper mill, iso 9001 certified | manufacturing, production, plant, machinery, industrial, components, fabrication, assembly, oem | manufacturing, mfg, industries, industrial, fabrication, machine works, machining, tool and die, metals, steel, plastics, packaging, components, precision, chemical, chemicals, mills, manufacturing company | consumer_goods:0.5, automotive:0.5, aerospace_defense:0.4, energy:0.3, logistics:0.4, construction:0.3, biotech_pharma:0.3
automotive | Automotive | automotive, car dealership, auto dealership, dealership, automaker, auto manufacturer, vehicle manufacturer, electric vehicles, collision center, auto repair shop, automotive service center, tire center, auto parts | vehicles, cars, trucks, service bays | motors, general motors, automotive, auto, auto group, dealership, chevrolet, ford motor, toyota, honda, nissan, tire, tires, collision, autos, cars | manufacturing:0.5, transportation:0.3, retail:0.2
construction | Construction | construction company, general contractor, general contracting, construction firm, homebuilder, home builder, commercial construction, residential construction, heavy civil, civil construction, electrical contractor, mechanical contractor, plumbing contractor, hvac contractor, roofing contractor, specialty contractor, subcontractor, job site, jobsite, construction projects, construction sites, design-build, remodeling | construction, contractors, projects, job sites, builders, trades | construction, builders, building company, contractors, contracting, electric, electrical, electrical contractors, mechanical, plumbing, roofing, homes, concrete, excavation, paving, remodeling, hvac, heating and air, heating and cooling | real_estate:0.4, manufacturing:0.3, energy:0.3, government:0.2, engineering_services:0.5
energy | Energy and utilities | utility company, electric utility, utilities, power plant, power generation, oil and gas, oilfield, upstream, midstream, downstream, refinery, renewable energy, solar energy, wind energy, solar farm, wind farm, energy company, natural gas utility, transmission and distribution, electric cooperative, water utility, nuclear plant | energy, power, grid, utility, renewables, electricity | energy, power, power company, electric company, utilities, utility, solar, wind, gas, petroleum, oil, resources, renewables, electric cooperative, nuclear | construction:0.3, manufacturing:0.3, government:0.2
government | Government and public sector | federal agency, state agency, county government, city government, municipal government, municipality, public sector, government agency, federal government, civil service, usajobs, public health department, law enforcement agency | government, public, agency, citizens, residents, taxpayers, department of, city of, county of, military | county, city of, state of, department of, department, agency, authority, commission, bureau, office of, administration, federal, government, municipal, army, navy, air force, us army, marine corps, veterans affairs, police department, fire department | education:0.3, nonprofit:0.4, aerospace_defense:0.4, healthcare:0.1
aerospace_defense | Aerospace and defense | defense contractor, defense industry, department of defense, dod, aerospace company, aerospace and defense, aircraft manufacturer, space systems, satellites, spacecraft, launch vehicles, missile, missiles, national security, intelligence community, avionics, federal defense | aerospace, defense, mission, aircraft, space | aerospace, defense, dynamics, aviation, space, aeronautics, missiles, avionics, lockheed martin, raytheon, northrop grumman | manufacturing:0.4, government:0.4, engineering_services:0.3
engineering_services | Engineering and architecture services | engineering firm, engineering consulting, architecture firm, architectural firm, civil engineering firm, environmental consulting, surveying firm, design firm, a/e firm, engineering services company | engineering, design, projects, clients | engineering, engineers, architects, architecture, surveying, environmental | construction:0.5, consulting:0.4, aerospace_defense:0.3, energy:0.3
biotech_pharma | Biotech and pharmaceuticals | biotech, biotechnology, biopharmaceutical, pharmaceutical company, pharmaceutical, pharma, life sciences, clinical trials, drug development, drug discovery, gene therapy, cell therapy, medical device company, medical devices, diagnostics company, contract research organization, cro, laboratory services, clinical laboratory | therapeutics, research, laboratory, lab, scientists, fda | bio, biotech, therapeutics, pharma, pharmaceuticals, biosciences, life sciences, genomics, medical devices, diagnostics, laboratories | healthcare:0.6, manufacturing:0.3, science_research:0.6
science_research | Research | research institute, research laboratory, national laboratory, research university, research center, think tank, research organization | research, researchers, publications, grants | institute, laboratory, research, research institute, national laboratory | biotech_pharma:0.6, education:0.4, government:0.2
media | Media and entertainment | media company, publisher, publishing, newspaper, magazine, news organization, broadcast, broadcasting, television network, radio station, streaming service, film studio, production company, record label, music streaming, gaming company, entertainment company, advertising agency, marketing agency, creative agency, digital agency, pr agency | media, audiences, content, entertainment, storytelling, campaigns | media, news, studios, studio, entertainment, pictures, films, records, music, publishing, press, broadcasting, radio, tv, creative agency, advertising | software:0.3, education:0.1, consumer_goods:0.2
telecom | Telecommunications | telecommunications, telecom, wireless carrier, internet service provider, isp, cable provider, broadband, fiber network, 5g network, network operator, mobile carrier, communications provider | networks, connectivity, wireless, fiber, broadband | telecom, telecommunications, communications, wireless, mobile, cellular, broadband, fiber, cable, telephone | software:0.4, energy:0.2
hospitality | Hospitality, food and travel | restaurant, restaurants, hotel, hotels, resort, resorts, casino, hospitality company, hospitality group, food service, foodservice, fine dining, quick service restaurant, qsr, fast casual, cafe, coffee shop, bakery cafe, catering company, bar and grill, brewery, winery, cruise, cruise line, theme park, amusement park, travel company, vacation rentals, event venue, banquet, country club, golf club | guests, hospitality, menu, kitchen, dining, dining room, travel | restaurant, restaurants, grill, kitchen, cafe, coffee, bakery, pizza, burger, tacos, bistro, diner, hotel, hotels, inn, resort, resorts, suites, lodge, hospitality, casino, travel, cruises, catering, brewing, eatery, steakhouse | retail:0.3, consumer_goods:0.2
real_estate | Real estate | real estate, real estate company, property management company, property management, commercial real estate, residential real estate, apartment communities, apartment community, multifamily, reit, homeowners association, hoa, leasing office, property portfolio, title company | properties, residents, tenants, leasing, apartments, units, communities, escrow | properties, property, property management, realty, real estate, homes, apartments, residential, communities, living, housing, estates | construction:0.4, financial_services:0.3
nonprofit | Nonprofit and social services | nonprofit, non-profit, not-for-profit, not for profit, 501(c)(3), charity, charitable organization, community organization, social services agency, human services agency, advocacy organization, ngo, food bank, faith-based organization, youth organization, homeless shelter | mission, community, donors, volunteers, advocacy, underserved, foundation, shelter | foundation, alliance, association, society, coalition, ministries, church, charities, community services, food bank, united way, habitat for humanity, ymca, boys and girls club, goodwill, salvation army | education:0.3, healthcare:0.2, government:0.4
legal_services | Legal services | law firm, legal services, legal practice, practice of law, litigation firm, law office, law offices, legal aid, court system, attorneys at law | legal, litigation, attorneys, lawyers, clients, cases | law, legal, attorneys, lawyers, law group, law offices, law firm, legal services | accounting_services:0.3, consulting:0.2, government:0.2
agriculture | Agriculture and food production | farm, farms, farming, agriculture, agricultural, ranch, dairy farm, greenhouse operation, crop, crops, livestock, agribusiness, grain elevator, orchard, vineyard | agriculture, growers, harvest, farmers, produce | farm, farms, farming, agri, agriculture, ranch, dairy, growers, seeds, produce, orchards, grain | manufacturing:0.3, consumer_goods:0.3
